<?xml version="1.0" encoding="UTF-8"?>
<!DOCTYPE mapper PUBLIC "-//mybatis.org//DTD Mapper 3.0//EN" "http://mybatis.org/dtd/mybatis-3-mapper.dtd">
<mapper namespace="board">

	<insert id="setBoard" parameterType="boardvo">
		INSERT INTO grp_board SET
		boardGrp = #{boardGrp},
		boardCode = #{boardCode},
		boardColor =
		#{boardColor},
		boardMaker = #{boardMaker},
		boardTitle = #{boardTitle},
		boardRead = #{boardRead},
		boardWrite = #{boardWrite},
		boardReply =
		#{boardReply},
		boardDownload = #{boardDownload},
		boardType =
		#{boardType},
		boardRegdate = now()
	</insert>

	<insert id="createArticleTbl">
		${str}
	</insert>

	<insert id="createCommentTbl">
		${str}
	</insert>
	
	<sql id="search">
		<choose>
			<when test = "searchOpt == 'all'">
				WHERE boardCode LIKE CONCAT('%', #{words}, '%') 
				OR boardGrp LIKE CONCAT('%', #{words}, '%')
			</when>
			<otherwise> 
				WHERE ${searchOpt} LIKE CONCAT('%', #{words}, '%')
			</otherwise>
		</choose>
	</sql>

	<select id="getBoardList" resultType="boardvo">
		SELECT * FROM grp_board A, grp_buseo B 
		<include refid="search"></include> AND A.boardGrp = B.buseo_id 
		ORDER by bid DESC LIMIT #{start}, #{end}

	</select>

	<select id="getBoardExist" resultType="int">
		SELECT COUNT(*) FROM
		grp_board WHERE boardCode = #{boardCode}
	</select>

	<delete id="setBoardDelete">
		DELETE FROM grp_board WHERE boardCode = #{boardCode}
	</delete>

	<insert id="dropArticleTbl">
		${str}
	</insert>

	<insert id="dropCommentTbl">
		${str}
	</insert>

	<select id="getBoardCountAll" resultType="int">
		SELECT COUNT(*) FROM
		grp_board;
	</select>

	<delete id="setBoardDeleteAll">

		DELETE FROM
		grp_board
		WHERE
		boardCode = #{boardCode}

	</delete>

</mapper>