<?xml version="1.0" encoding="UTF-8"?>
<!DOCTYPE mapper PUBLIC "-//mybatis.org//DTD Mapper 3.0//EN" "http://mybatis.org/dtd/mybatis-3-mapper.dtd">
<mapper namespace="company1">
	<select id="majorCheck" resultType="int">
		SELECT COUNT(*) FROM INFORMATION_SCHEMA.TABLES WHERE TABLE_NAME = 'gat_major'
	</select>
	
	<insert id="majorDropTbl">
		${dropTbl}
	</insert>
	
	<insert id="majorCreateTbl">
		${createTbl}
	</insert>
	
	<select id="getColumnCount">
		SELECT COUNT(*) FROM INFORMATION_SCHEMA.COLUMNS WHERE table_name='grp_major'
	</select>
</mapper>