<?xml version="1.0" encoding="UTF-8"?>
<!DOCTYPE mapper PUBLIC "-//mybatis.org//DTD Mapper 3.0//EN" "http://mybatis.org/dtd/mybatis-3-mapper.dtd">
<mapper namespace="employee">

	<delete id="setEmployeeDeleteOne" parameterType="String">
		DELETE FROM
		grp_employee WHERE emp_num = #{empNum}
	</delete>

	<delete id="setEmployeeDeleteAll" parameterType="int">
		DELETE FROM grp_employee WHERE emp_id = #{empID}
	</delete>
	
	<sql id="searchData">
		${searchOpt} LIKE CONCAT('%', #{words}, '%')
	</sql>
	
	<select id="getEmployeeListAll" parameterType="hashmap" resultType="registervo">
		SELECT 
		emp_id as empID,
		emp_buseo as empBuseoCode,
		B.buseo_name as empBuseoName,
		emp_grade as empGradeCode,
		G.grade_name as empGradeName,
		emp_num as empNum,
		emp_pwd as empPwd,
		emp_name as empName,
		emp_enter as empEnter,
		emp_reg as empReg,
		emp_confirm as empConfirm,
		emp_step as empStep,
		emp_head as empHead,
		emp_auth as empAuth  
		FROM grp_employee E, grp_buseo B, grp_grade G WHERE E.emp_buseo = B.buseo_id AND E.emp_grade = G.grade_id 
		AND <include refid = "searchData"></include> 
		ORDER BY emp_id DESC LIMIT #{start}, #{end}
	</select>
	
	<select id="getEmployeeCount" resultType="int">
		SELECT COUNT(emp_id) FROM grp_employee WHERE 
		<include refid="searchData"></include> AND emp_num != 'admin'
	</select>
	
	<select id="getEmployeeNeedOne" parameterType="registervo" resultType="registervo">
		SELECT
			emp_id as empID,
			emp_buseo as empBuseoCode,
			emp_grade as empGradeCode,
			emp_num as empNum,
			emp_name as empName,
			emp_enter as empEnter,
			emp_reg as empReg,
			emp_confirm as empConfirm,
			emp_step as empStep,
			emp_head as empHead,
			emp_auth as empAuth
		FROM grp_employee WHERE emp_num = #{empNum} AND emp_pwd = #{empPwd}
	</select>
	
	<select id="getEmployeeOne" parameterType="int" resultType="com.example.grp.model.RegisterVO">
		SELECT 
		emp_id as empID,
		emp_buseo as empBuseoCode,
		emp_grade as empGradeCode,
		emp_num as empNum,
		emp_pwd as empPwd,
		emp_name as empName,
		emp_enter as empEnter,
		emp_reg as empReg,
		emp_confirm as empConfirm,
		emp_step as empStep,
		emp_head as empHead,
		emp_auth as empAuth 
		FROM grp_employee WHERE emp_id = #{empID}
	</select>

</mapper>








