<?xml version="1.0" encoding="UTF-8"?>
<!DOCTYPE mapper PUBLIC "-//mybatis.org//DTD Mapper 3.0//EN" "http://mybatis.org/dtd/mybatis-3-mapper.dtd">
<mapper namespace="register">
	<insert id="setRegisterOne" parameterType="registervo">
		<selectKey resultType="int" keyProperty="ref" order="BEFORE">
			SELECT IFNULL(MAX(emp_id), 1) FROM grp_employee
		</selectKey>
	
			INSERT INTO grp_employee SET 
			emp_buseo 	= #{empBuseoCode},
			emp_grade 	= #{empGradeCode},
			emp_num 	= CONCAT(#{empNum}, #{ref}),
			emp_name 	= #{empName},
			emp_pwd 	= #{empPwd},
			emp_enter	= #{empEnter},
			emp_step	= #{empStep},
			emp_reg 	= now(),
			emp_photo	= #{empPhoto}
	</insert>
	
	<select id="getEmpNumCheck" parameterType="String" resultType="int">
		SELECT COUNT(emp_Num) FROM grp_employee WHERE emp_Num = #{empNum}
	</select>
	
	<insert id = "setRegisterOthersOne" parameterType="registervo">
		INSERT INTO grp_emp_others SET 
			emp_gender 		= #{empGender},
			emp_birth 		= #{empBirth}, 
			emp_cp 			= #{empCP}, 
			emp_in 			= #{empIn}, 
			emp_tel 		= #{empTel}, 
			emp_recruit 	= #{empRecruit}, 
			emp_hope	 	= #{empHope}, 
			emp_height		= #{empHeight}, 
			emp_weight 		= #{empWeight}, 
			emp_service		= #{empService}, 
			emp_religion	= #{empReligion}, 
			emp_hobby		= #{empHobby}, 
			emp_speciality 	= #{empSpeciality}, 
			emp_disability	= #{empDisability}, 
			emp_reward		= #{empReward}, 
			emp_married		= #{empMarried}, 
			emp_license1	= #{empLicense1}, 
			emp_license2	= #{empLicense2}, 
			emp_license3	= #{empLicense3},
			emp_license4	= #{empLicense4},
			emp_license5	= #{empLicense5}, 
			emp_lang1		= #{empLang1}, 
			emp_lang2		= #{empLang2},
			emp_lang3		= #{empLang3},
			emp_lang4		= #{empLang4},
			emp_lang5		= #{empLang5}, 
			emp_rnp1		= #{empRnp1},
			emp_rnp2		= #{empRnp2},
			emp_rnp3		= #{empRnp3},
			emp_rnp4		= #{empRnp4},
			emp_rnp5		= #{empRnp5},
			emp_comment		= #{empComment},
			emp_num			= #{empNum}
	</insert>
	
	<update id = "setEmployeeAuthChange" parameterType="hashmap">
		UPDATE grp_employee SET emp_confirm = #{auth} WHERE emp_num = #{empNum}
	</update>
	
	
	<update id = "setEmployeeHeadChange" parameterType="hashmap">
		UPDATE grp_employee SET emp_head = #{headType} WHERE emp_num = #{empNum}
	</update>
</mapper>