<?xml version="1.0" encoding="UTF-8"?>
<!DOCTYPE mapper PUBLIC "-//mybatis.org//DTD Mapper 3.0//EN" "http://mybatis.org/dtd/mybatis-3-mapper.dtd">
<mapper namespace="survey">

	<insert id="setSurvey" parameterType="com.example.grp.model.SurveyVO">
		INSERT INTO grp_survey SET 
		survey_status 		= #{survey_status},
		survey_result 		= #{survey_result},
		survey_startDate 	= #{survey_startDate},
		survey_endDate		= #{survey_endDate},
		survey_maker		= #{survey_maker},
		survey_title		= #{survey_title},
		survey_example		= #{survey_ex},
		survey_ex_cnt		= #{survey_ex_cnt},
		survey_regdate		= now()
	</insert>
	
	<select id="getSurveyOpen" resultType="com.example.grp.model.SurveyVO">
		SELECT * FROM grp_survey WHERE survey_status = '설문진행중' ORDER BY survey_id DESC
	</select>
	
	<select id="getSurveyClose" resultType="com.example.grp.model.SurveyVO">
		SELECT * FROM grp_survey WHERE survey_status = '설문대기중' ORDER BY survey_id DESC
	</select>
	
	<select id="getSurveyResult" parameterType="int" resultType="com.example.grp.model.SurveyVO">
		SELECT *, survey_example AS survey_ex FROM grp_survey WHERE survey_id = #{survey_id}
	</select>

	<update id="setSurveyDo" parameterType="com.example.grp.model.SurveyVO">
		UPDATE grp_survey 
		SET survey_ex_cnt = #{survey_ex_cnt} WHERE survey_id = #{survey_id}
	</update>
	
	<update id="setSurveyStatusDo" parameterType="com.example.grp.model.SurveyVO">
		UPDATE grp_survey 
		SET survey_status = #{survey_status} WHERE survey_id = #{survey_id}
	</update>
</mapper>












