<?xml version="1.0" encoding="UTF-8"?>
<!DOCTYPE mapper PUBLIC "-//mybatis.org/DTD Mapper 3.0//EN" "http://mybatis.org/dtd/mybatis-3-mapper.dtd" >
<mapper namespace="comment">

	<select id="getCommentCount" resultType="int">
		SELECT
			COUNT(*)
		FROM
			gat_comment_${boardCode} WHERE aid = #{aid}
	</select>

	<select id="getCommentList" resultType="commentvo">
		SELECT * FROM gat_comment_${boardCode} WHERE aid = #{aid} ORDER BY cid DESC
	</select>


	<insert id="setComment">
		INSERT INTO gat_comment_${boardCode}(aid, comment, regdate, who)
		VALUES (#{aid},#{comment},now(), #{who})
	</insert>

	<update id="setCommentModify">
		UPDATE 
			gat_comment_${boardCode}
		SET
			comment = #{comment}
		WHERE 
			cid = #{cid}
	</update>

	<delete id="setCommentDelete">
		DELETE FROM 
			gat_comment_${boardCode}
		WHERE 
			cid = #{cid}
	</delete>
</mapper>