<?xml version="1.0" encoding="UTF-8"?>
<!DOCTYPE configuration 
	PUBLIC "-//mybatis.org//DTD Config 3.0//EN" 
	"http://mybatis.org/dtd/mybatis-3-config.dtd">
	
<configuration>
	<typeAliases>
		<typeAlias alias="buseovo" type="com.example.grp.model.BuseoVO"/>
		<typeAlias alias="gradevo" type="com.example.grp.model.GradeVO"/>
		<typeAlias alias="registervo" type="com.example.grp.model.RegisterVO"/>
		<typeAlias alias="loginvo" type="com.example.grp.model.RegisterVO"/>
		<typeAlias alias="boardvo" type="com.example.grp.model.BoardVO"/>
		<typeAlias alias="articlevo" type="com.example.grp.model.ArticleVO"/>
		<typeAlias alias="commentvo" type="com.example.grp.model.CommentVO"/>
		<typeAlias alias="comvo" type="com.example.grp.model.ComVO"/>
    </typeAliases>	
	
	<mappers>
		<mapper resource="sqlMappers/surveyVO.xml"/>
		<mapper resource="sqlMappers/calVO.xml"/>
		<mapper resource="sqlMappers/buseoVO.xml"/>
		<mapper resource="sqlMappers/gradeVO.xml"/>
		<mapper resource="sqlMappers/registerVO.xml"/>
		<mapper resource="sqlMappers/loginVO.xml"/>
		<mapper resource="sqlMappers/employeeVO.xml"/>
		<mapper resource="sqlMappers/boardVO.xml"/>
		<mapper resource="sqlMappers/articleVO.xml"/>
		<mapper resource="sqlMappers/comMapperVO.xml"/>
		<mapper resource="sqlMappers/comVO.xml"/>
		<mapper resource="sqlMappers/commentVO.xml"/>
	</mappers>
</configuration>