<?xml version="1.0" encoding="UTF-8"?>
<!DOCTYPE mapper PUBLIC "-//mybatis.org//DTD Mapper 3.0//EN" "http://mybatis.org/dtd/mybatis-3-mapper.dtd">
<mapper namespace="board">

	<select id="getBoardListAll" parameterType="hashmap"
		resultType="com.example.ex11.vo.BoardVO">
		SELECT bno, title, writer, regdate, viewcnt FROM board
		<include refid="searchData"></include>
		ORDER BY bno DESC LIMIT #{start}, #{end}
	</select>

	<select id="getBoardCount" resultType="int">
		SELECT COUNT(bno) FROM board
		<include refid="searchData"></include>
	</select>

	<insert id="setBoardInsertOne"
		parameterType="com.example.ex11.vo.BoardVO">
		INSERT INTO board SET
		title = #{title},
		content = #{content},
		writer = #{writer},
		regdate = now()

	</insert>

	<select id="getBoardListOne" parameterType="int"
		resultType="com.example.ex11.vo.BoardVO">
		SELECT * FROM board WHERE bno = #{bno}
	</select>

	<update id="setViewCntUpdate" parameterType="int">
		UPDATE board SET
		viewcnt = viewcnt + 1
		WHERE bno = #{bno}
	</update>

	<update id="setBoardUpdateOne"
		parameterType="com.example.ex11.vo.BoardVO">
		UPDATE board SET
		title = #{title},
		content = #{content},
		writer = #{writer}
		WHERE bno = #{bno}
	</update>

	<update id="setBoardDeleteOne" parameterType="int">
		DELETE FROM board
		WHERE bno = #{bno}
	</update>

	<sql id="searchData">
	<choose>
			<when test = "searchOpt == 'all'">
				WHERE writer LIKE CONCAT('%', #{words}, '%') 
				OR title LIKE CONCAT('%', #{words}, '%')
			</when>
			<otherwise> 
				WHERE ${searchOpt} LIKE CONCAT('%', #{words}, '%')
			</otherwise>
		</choose>
	</sql>

</mapper>




