<?xml version="1.0" encoding="UTF-8"?>
<!DOCTYPE mapper PUBLIC "-//mybatis.org//DTD Mapper 3.0//EN" "http://mybatis.org/dtd/mybatis-3-mapper.dtd">
<mapper namespace="member">

	<select id="getMemberList"
		resultType="com.example.ex11.vo.Member">
		SELECT * FROM member ORDER BY mid DESC
	</select>

	<select id="getMemberOne" parameterType="int"
		resultType="com.example.ex11.vo.Member">
		SELECT * FROM member WHERE mid = #{mid}
	</select>

	<insert id="insertMember"
		parameterType="com.example.ex11.vo.Member">
		INSERT INTO member SET
		userid = #{userid},
		passwd = #{passwd},
		name = #{name},
		email = #{email},
		regdate = now(),
		regupdate = now()
	</insert>
	
	<update id="updateMember"
		parameterType="com.example.ex11.vo.Member">
		UPDATE member SET
			userid = #{userid},
			passwd = #{passwd},
			name = #{name},
			email = #{email},
			regdate = now(),
			regupdate = now()
		WHERE mid = #{mid}
	</update>
	
	<delete id="deleteMember" parameterType="int">
		DELETE FROM member
		WHERE mid = #{mid}
	</delete>
	
	<!-- 06. 비밀번호 체크 -->
	<select id="checkPasswd" parameterType="hashMap" resultType="int">
		SELECT 
			COUNT(*) 
		FROM member
		WHERE userid = #{userid} AND passwd = #{passwd}
	</select>

</mapper>